SL,District,Upazila,Sq No,Country,Division,District,Upazila,Union,Ward No,Name of SK/SHW,Desig.,Name of SS,Village Name (English),"Village Name 
(Bangla)","Village 
Code",Latitude,Longitute,Population,HH Number,"2026 
(Active LLINs)","2025
(Active LLINs)","2024
(Active LLINs)",January,February,March,April,May,June,July,August,September,October,November,December,"Name of
 MMW, 
Health 
post &
CHW(C)","Village 
Distance
 from 
upazila office (KM)","Name of Border
 with others
 country","Others
 Activities
(TDA/Dev care)"
1,Bandarban,Thanchi,1,Bangladesh,Chattogram,Khagrachhari,Mahalchhari,Kiyangghat,01,,,,Kiyangghat Guchchha Gram,ক্যায়াংঘাট গুচ্ছ গ্রাম,KIY101,22.980096,92.033496,1000,,,,,,,,,,,,,,,,,,,,
2,Bandarban,Thanchi,2,Bangladesh,Chattogram,Khagrachhari,Mahalchhari,Kiyangghat,01,,,,Natun Bazar,নতুন বাজার,KIY102,22.977457,92.042593,500,,,,,,,,,,,,,,,,,,,,
3,Bandarban,Thanchi,3,Bangladesh,Chattogram,Khagrachhari,Mahalchhari,Kiyangghat,01,,,,APBN,এপিবিএন,KIY103,22.981795,92.029353,,,,,,,,,,,,,,,,,,,,,
4,Bandarban,Thanchi,4,Bangladesh,Chattogram,Khagrachhari,Mahalchhari,Kiyangghat,02,,,,Satgharia,সাতঘরিয়া,KIY201,22.972281,92.030057,450,,,,,,,,,,,,,,,,,,,,
5,Bandarban,Thanchi,5,Bangladesh,Chattogram,Khagrachhari,Mahalchhari,Kiyangghat,02,,,,Dabafada,দাবাফাদা,KIY202,22.965298,92.039982,400,,,,,,,,,,,,,,,,,,,,
6,Bandarban,Thanchi,6,Bangladesh,Chattogram,Khagrachhari,Mahalchhari,Kiyangghat,03,,,,Kiyangghat Tabalchhari,ক্যায়াংঘাট তবলছড়ি,KIY301,22.983087,92.040218,700,,,,,,,,,,,,,,,,,,,,
7,Bandarban,Thanchi,7,Bangladesh,Chattogram,Khagrachhari,Mahalchhari,Kiyangghat,03,,,,Rangapani Chhara,রাঙ্গাপানি ছড়া,KIY302,22.982946,92.061392,480,,,,,,,,,,,,,,,,,,,,
8,Bandarban,Thanchi,8,Bangladesh,Chattogram,Khagrachhari,Mahalchhari,Kiyangghat,04,,,,Karalyachhari,করল্যাছড়ি,KIY401,22.996313,92.039358,1000,,,,,,,,,,,,,,,,,,,,
9,Bandarban,Thanchi,9,Bangladesh,Chattogram,Khagrachhari,Mahalchhari,Kiyangghat,04,,,,Jaduganala,যাদুগানালা,KIY402,22.995484,92.055538,750,,,,,,,,,,,,,,,,,,,,
10,Bandarban,Thanchi,10,Bangladesh,Chattogram,Khagrachhari,Mahalchhari,Kiyangghat,05,,,,Chittaranjan Karbari Para,চিত্তরঞ্জন কারবারি পাড়া,KIY501,23.006023,92.027472,410,,,,,,,,,,,,,,,,,,,,
11,Bandarban,Thanchi,11,Bangladesh,Chattogram,Khagrachhari,Mahalchhari,Kiyangghat,05,,,,Bhitar Karalyachhari Para,ভিতর করল্যাছড়ি পাড়া,KIY502,23.006917,92.049523,625,,,,,,,,,,,,,,,,,,,,
12,Bandarban,Thanchi,12,Bangladesh,Chattogram,Khagrachhari,Mahalchhari,Kiyangghat,06,,,,Natun Chandra Karbari Para,নতুন চন্দ্র কারবারি পাড়া,KIY601,23.006245,92.034859,120,,,,,,,,,,,,,,,,,,,,
13,Bandarban,Thanchi,13,Bangladesh,Chattogram,Khagrachhari,Mahalchhari,Kiyangghat,06,,,,Bihar Para,বিহার পাড়া,KIY602,23.023251,92.051984,435,,,,,,,,,,,,,,,,,,,,
14,Bandarban,Thanchi,14,Bangladesh,Chattogram,Khagrachhari,Mahalchhari,Kiyangghat,06,,,,Haza Chhara,হাজা ছড়া,KIY603,22.991923,92.061667,140,,,,,,,,,,,,,,,,,,,,
15,Bandarban,Thanchi,15,Bangladesh,Chattogram,Khagrachhari,Mahalchhari,Kiyangghat,06,,,,Pera Para,পেরা পাড়া,KIY604,23.009624,92.057834,100,,,,,,,,,,,,,,,,,,,,
16,Bandarban,Thanchi,16,Bangladesh,Chattogram,Khagrachhari,Mahalchhari,Kiyangghat,06,,,,Kalabanya Para,কলাবন্যা পাড়া,KIY605,22.999708,92.066721,300,,,,,,,,,,,,,,,,,,,,
17,Bandarban,Thanchi,17,Bangladesh,Chattogram,Khagrachhari,Mahalchhari,Kiyangghat,06,,,,Madhya Para,মধ্য পাড়া,KIY606,23.016118,92.046420,350,,,,,,,,,,,,,,,,,,,,
18,Bandarban,Thanchi,18,Bangladesh,Chattogram,Khagrachhari,Mahalchhari,Kiyangghat,06,,,,Dhela Para,ঢেলা পাড়া,KIY607,23.002380,92.069258,120,,,,,,,,,,,,,,,,,,,,
19,Bandarban,Thanchi,19,Bangladesh,Chattogram,Khagrachhari,Mahalchhari,Kiyangghat,06,,,,Ultachhari Army Para,উল্টাছড়ি আর্মি ক্যাম্প ,KIY608,23.011113,92.039378,,,,,,,,,,,,,,,,,,,,,
20,Bandarban,Thanchi,20,Bangladesh,Chattogram,Khagrachhari,Mahalchhari,Kiyangghat,07,,,,Golakya Para,গোলক্যা পাড়া,KIY701,23.000332,92.078269,650,,,,,,,,,,,,,,,,,,,,
21,Bandarban,Thanchi,21,Bangladesh,Chattogram,Khagrachhari,Mahalchhari,Kiyangghat,07,,,,Ghatghar Para,ঘাটঘর পাড়া,KIY702,23.018467,92.032521,375,,,,,,,,,,,,,,,,,,,,
22,Bandarban,Thanchi,22,Bangladesh,Chattogram,Khagrachhari,Mahalchhari,Kiyangghat,07,,,,Marbari Para,মারবাড়ি পাড়া,KIY703,23.011292,92.029427,210,,,,,,,,,,,,,,,,,,,,
23,Bandarban,Thanchi,23,Bangladesh,Chattogram,Khagrachhari,Mahalchhari,Kiyangghat,08,,,,Lamba Para,লাম্বা পাড়া,KIY801,23.034909,92.060297,400,,,,,,,,,,,,,,,,,,,,
24,Bandarban,Thanchi,24,Bangladesh,Chattogram,Khagrachhari,Mahalchhari,Kiyangghat,08,,,,Datkupye Para,দাতকুপ্যে পাড়া,KIY802,23.030027,92.039035,800,,,,,,,,,,,,,,,,,,,,
25,Bandarban,Thanchi,25,Bangladesh,Chattogram,Khagrachhari,Mahalchhari,Kiyangghat,08,,,,Katukchhari Mukh,কতুকছড়ি মুখ,KIY803,23.042315,92.058335,100,,,,,,,,,,,,,,,,,,,,
26,Bandarban,Thanchi,26,Bangladesh,Chattogram,Khagrachhari,Mahalchhari,Kiyangghat,09,,,,Chairman Para,চেয়ারম্যান পাড়া,KIY901,23.015328,92.037328,195,,,,,,,,,,,,,,,,,,,,
27,Bandarban,Thanchi,27,Bangladesh,Chattogram,Khagrachhari,Mahalchhari,Kiyangghat,09,,,,Ultachhari Madhya Para,উল্টাছড়ি মধ্য পাড়া,KIY902,23.020200,92.040781,215,,,,,,,,,,,,,,,,,,,,
28,Bandarban,Thanchi,28,Bangladesh,Chattogram,Khagrachhari,Mahalchhari,Kiyangghat,09,,,,Subal Kishta Para,সুবল কিষ্ট পাড়া,KIY903,23.027341,92.069823,315,,,,,,,,,,,,,,,,,,,,
29,Bandarban,Thanchi,29,Bangladesh,Chattogram,Khagrachhari,Mahalchhari,Kiyangghat,09,,,,Bihar Para,বিহার পাড়া,KIY904,23.029000,92.048049,135,,,,,,,,,,,,,,,,,,,,
30,Bandarban,Thanchi,30,Bangladesh,Chattogram,Khagrachhari,Mahalchhari,Kiyangghat,09,,,,Satghar Para,সাতঘর পাড়া,KIY905,23.014470,92.065818,180,,,,,,,,,,,,,,,,,,,,
31,Bandarban,Thanchi,31,Bangladesh,Chattogram,Khagrachhari,Mahalchhari,Mahalchhari,01,,,,Bazar Elaka,বাজার এলাকা,MAH101,22.933855,92.030389,650,,,,,,,,,,,,,,,,,,,,
32,Bandarban,Thanchi,32,Bangladesh,Chattogram,Khagrachhari,Mahalchhari,Mahalchhari,01,,,,Nursery Para,নার্সারি পাড়া,MAH102,22.935567,92.029244,350,,,,,,,,,,,,,,,,,,,,
33,Bandarban,Thanchi,33,Bangladesh,Chattogram,Khagrachhari,Mahalchhari,Mahalchhari,01,,,,Sylheti Para,সিলেটি পাড়া,MAH103,22.933944,92.034009,1200,,,,,,,,,,,,,,,,,,,,
34,Bandarban,Thanchi,34,Bangladesh,Chattogram,Khagrachhari,Mahalchhari,Mahalchhari,01,,,,Chattagram Para,চট্টগ্রাম পাড়া,MAH104,22.931750,92.034920,300,,,,,,,,,,,,,,,,,,,,
35,Bandarban,Thanchi,35,Bangladesh,Chattogram,Khagrachhari,Mahalchhari,Mahalchhari,01,,,,Thana Elaka,থানা এলাকা,MAH105,22.933384,92.033525,100,,,,,,,,,,,,,,,,,,,,
36,Bandarban,Thanchi,36,Bangladesh,Chattogram,Khagrachhari,Mahalchhari,Mahalchhari,01,,,,Haspatal Elaka,হাসপাতাল এলাকা,MAH106,22.936359,92.032766,90,,,,,,,,,,,,,,,,,,,,
37,Bandarban,Thanchi,37,Bangladesh,Chattogram,Khagrachhari,Mahalchhari,Mahalchhari,01,,,,Upazila Parishad Elaka,উপজেলা পরিষদ এলাকা,MAH107,22.936604,92.029525,10,,,,,,,,,,,,,,,,,,,,
38,Bandarban,Thanchi,38,Bangladesh,Chattogram,Khagrachhari,Mahalchhari,Mahalchhari,01,,,,Natun Para,নতুন পাড়া,MAH108,22.935108,92.030537,1200,,,,,,,,,,,,,,,,,,,,
39,Bandarban,Thanchi,39,Bangladesh,Chattogram,Khagrachhari,Mahalchhari,Mahalchhari,01,,,,18 Paribar,১৮ পরিবার,MAH109,22.933845,92.028078,350,,,,,,,,,,,,,,,,,,,,
40,Bandarban,Thanchi,40,Bangladesh,Chattogram,Khagrachhari,Mahalchhari,Mahalchhari,02,,,,Tila Para,টিলা পাড়া,MAH201,22.932500,92.031202,1500,,,,,,,,,,,,,,,,,,,,
41,Bandarban,Thanchi,41,Bangladesh,Chattogram,Khagrachhari,Mahalchhari,Mahalchhari,02,,,,Ramesu Karbari Para,রামেসু কারবারি পাড়া,MAH202,22.930013,92.027847,400,,,,,,,,,,,,,,,,,,,,
42,Bandarban,Thanchi,42,Bangladesh,Chattogram,Khagrachhari,Mahalchhari,Mahalchhari,02,,,,Chairman Para,চেয়ারম্যান পাড়া,MAH203,22.931085,92.030888,500,,,,,,,,,,,,,,,,,,,,
43,Bandarban,Thanchi,43,Bangladesh,Chattogram,Khagrachhari,Mahalchhari,Mahalchhari,03,,,,Mohammadpur,মোহাম্মদপুর,MAH301,22.935448,92.027069,750,,,,,,,,,,,,,,,,,,,,
44,Bandarban,Thanchi,44,Bangladesh,Chattogram,Khagrachhari,Mahalchhari,Mahalchhari,03,,,,T&T Para,টি এন্ড টি পাড়া,MAH302,22.939507,92.028941,400,,,,,,,,,,,,,,,,,,,,
45,Bandarban,Thanchi,45,Bangladesh,Chattogram,Khagrachhari,Mahalchhari,Mahalchhari,03,,,,Comilla Tila,কুমিল্লা টিলা,MAH303,22.929900,92.021471,350,,,,,,,,,,,,,,,,,,,,
46,Bandarban,Thanchi,46,Bangladesh,Chattogram,Khagrachhari,Mahalchhari,Mahalchhari,03,,,,Master Para (Dipalo Tila),মাস্টার পাড়া (দিপালো টিলা),MAH304,22.931345,92.026703,735,,,,,,,,,,,,,,,,,,,,
47,Bandarban,Thanchi,47,Bangladesh,Chattogram,Khagrachhari,Mahalchhari,Mahalchhari,03,,,,Town Hall Para,টাউন হল পাড়া,MAH305,22.938009,92.028163,150,,,,,,,,,,,,,,,,,,,,
48,Bandarban,Thanchi,48,Bangladesh,Chattogram,Khagrachhari,Mahalchhari,Mahalchhari,03,,,,APBN,এপিবিএন,MAH306,22.933486,92.022821,,,,,,,,,,,,,,,,,,,,,
49,Bandarban,Thanchi,49,Bangladesh,Chattogram,Khagrachhari,Mahalchhari,Mahalchhari,03,,,,Mahalchhari Zone,মহালছড়ি জোন,MAH307,22.939577,92.021852,,,,,,,,,,,,,,,,,,,,,
50,Bandarban,Thanchi,50,Bangladesh,Chattogram,Khagrachhari,Mahalchhari,Mahalchhari,04,,,,Changrachhari Mukh,চৌংড়াছড়ি মুখ,MAH401,22.942455,92.033242,600,,,,,,,,,,,,,,,,,,,,
51,Bandarban,Thanchi,51,Bangladesh,Chattogram,Khagrachhari,Mahalchhari,Mahalchhari,04,,,,Mahajan Para,মহাজন পাড়া,MAH402,22.954998,92.036596,500,,,,,,,,,,,,,,,,,,,,
52,Bandarban,Thanchi,52,Bangladesh,Chattogram,Khagrachhari,Mahalchhari,Mahalchhari,04,,,,Bhuatya Para,ভূয়াত্যা পাড়া,MAH403,22.951022,92.041213,400,,,,,,,,,,,,,,,,,,,,
53,Bandarban,Thanchi,53,Bangladesh,Chattogram,Khagrachhari,Mahalchhari,Mahalchhari,04,,,,Chitrakumar Karbari Para,চিত্রকুমার কারবারি পাড়া,MAH404,22.949174,92.037613,420,,,,,,,,,,,,,,,,,,,,
54,Bandarban,Thanchi,54,Bangladesh,Chattogram,Khagrachhari,Mahalchhari,Mahalchhari,04,,,,Noa Para,নোয়া পাড়া,MAH405,22.958714,92.036728,80,,,,,,,,,,,,,,,,,,,,
55,Bandarban,Thanchi,55,Bangladesh,Chattogram,Khagrachhari,Mahalchhari,Mahalchhari,05,,,,Changrachhari Guchchha Gram,চৌংড়াছড়ি গুচ্ছ গ্রাম,MAH501,22.959355,92.029475,2200,,,,,,,,,,,,,,,,,,,,
56,Bandarban,Thanchi,56,Bangladesh,Chattogram,Khagrachhari,Mahalchhari,Mahalchhari,05,,,,Shanti Nagar,শান্তি নগর,MAH502,22.946912,92.024415,750,,,,,,,,,,,,,,,,,,,,
57,Bandarban,Thanchi,57,Bangladesh,Chattogram,Khagrachhari,Mahalchhari,Mahalchhari,06,,,,Changrachhari Headman Para,চৌংড়াছড়ি হেডম্যান পাড়া,MAH601,22.953132,92.017176,2000,,,,,,,,,,,,,,,,,,,,
58,Bandarban,Thanchi,58,Bangladesh,Chattogram,Khagrachhari,Mahalchhari,Mahalchhari,06,,,,Changrachhari Roaza Para,চৌংড়াছড়ি রোওয়াজা পাড়া,MAH602,22.950416,92.010029,1000,,,,,,,,,,,,,,,,,,,,
59,Bandarban,Thanchi,59,Bangladesh,Chattogram,Khagrachhari,Mahalchhari,Mahalchhari,07,,,,Pahartali,পাহাড়তলি,MAH701,22.924474,92.032155,500,,,,,,,,,,,,,,,,,,,,
60,Bandarban,Thanchi,60,Bangladesh,Chattogram,Khagrachhari,Mahalchhari,Mahalchhari,07,,,,Saw Mill Para,স মিল পাড়া,MAH702,22.929098,92.032729,200,,,,,,,,,,,,,,,,,,,,
61,Bandarban,Thanchi,61,Bangladesh,Chattogram,Khagrachhari,Mahalchhari,Mahalchhari,07,,,,Durpujya Nal,দূরপর্য্য নাল,MAH703,22.914724,92.029694,450,,,,,,,,,,,,,,,,,,,,
62,Bandarban,Thanchi,62,Bangladesh,Chattogram,Khagrachhari,Mahalchhari,Mahalchhari,07,,,,Bhuatek,ভুয়াটেক,MAH704,22.921863,92.033321,200,,,,,,,,,,,,,,,,,,,,
63,Bandarban,Thanchi,63,Bangladesh,Chattogram,Khagrachhari,Mahalchhari,Mahalchhari,07,,,,Kerengenal Headman Para,কেরেঙেনাল হেডম্যান পাড়া,MAH705,22.912598,92.044127,550,,,,,,,,,,,,,,,,,,,,
64,Bandarban,Thanchi,64,Bangladesh,Chattogram,Khagrachhari,Mahalchhari,Mahalchhari,07,,,,Basanta Para,বসন্ত পাড়া,MAH706,22.909386,92.049352,210,,,,,,,,,,,,,,,,,,,,
65,Bandarban,Thanchi,65,Bangladesh,Chattogram,Khagrachhari,Mahalchhari,Mahalchhari,08,,,,Gadchhara,গাদছড়া,MAH801,22.904757,92.022900,70,,,,,,,,,,,,,,,,,,,,
66,Bandarban,Thanchi,66,Bangladesh,Chattogram,Khagrachhari,Mahalchhari,Mahalchhari,08,,,,Manoranjan Para,মনোরঞ্জন পাড়া,MAH802,22.901541,92.026046,375,,,,,,,,,,,,,,,,,,,,
67,Bandarban,Thanchi,67,Bangladesh,Chattogram,Khagrachhari,Mahalchhari,Mahalchhari,08,,,,Bimal Para,বিমল পাড়া,MAH803,22.900550,92.034506,175,,,,,,,,,,,,,,,,,,,,
68,Bandarban,Thanchi,68,Bangladesh,Chattogram,Khagrachhari,Mahalchhari,Mahalchhari,08,,,,Hemranjan Para,হেমরঞ্জন পাড়া,MAH804,22.903828,92.046248,325,,,,,,,,,,,,,,,,,,,,
69,Bandarban,Thanchi,69,Bangladesh,Chattogram,Khagrachhari,Mahalchhari,Mahalchhari,08,,,,Kalachan Para,কালাচান পাড়া,MAH805,22.911275,92.054612,160,,,,,,,,,,,,,,,,,,,,
70,Bandarban,Thanchi,70,Bangladesh,Chattogram,Khagrachhari,Mahalchhari,Mahalchhari,08,,,,Hemanta Para,হেমন্ত পাড়া,MAH806,22.912502,92.058676,185,,,,,,,,,,,,,,,,,,,,
71,Bandarban,Thanchi,71,Bangladesh,Chattogram,Khagrachhari,Mahalchhari,Mahalchhari,08,,,,Khamar Para,খামার পাড়া,MAH807,22.907896,92.016749,130,,,,,,,,,,,,,,,,,,,,
72,Bandarban,Thanchi,72,Bangladesh,Chattogram,Khagrachhari,Mahalchhari,Mahalchhari,09,,,,Thali Para ,থলি পাড়া,MAH901,22.925464,92.017726,750,,,,,,,,,,,,,,,,,,,,
73,Bandarban,Thanchi,73,Bangladesh,Chattogram,Khagrachhari,Mahalchhari,Mahalchhari,09,,,,24 Mile,২৪ মাইল,MAH902,22.922977,92.012333,175,,,,,,,,,,,,,,,,,,,,
74,Bandarban,Thanchi,74,Bangladesh,Chattogram,Khagrachhari,Mahalchhari,Mahalchhari,09,,,,Uchcha Kengalchhari,উচ্চ কেঙ্গলছড়ি,MAH903,22.906051,92.014657,125,,,,,,,,,,,,,,,,,,,,
75,Bandarban,Thanchi,75,Bangladesh,Chattogram,Khagrachhari,Mahalchhari,Mahalchhari,09,,,,Durchhari,দূরছড়ি,MAH904,22.915125,92.001206,175,,,,,,,,,,,,,,,,,,,,
76,Bandarban,Thanchi,76,Bangladesh,Chattogram,Khagrachhari,Mahalchhari,Mahalchhari,09,,,,Dumanighat,ধুমনীঘাট,MAH905,22.922144,91.981320,350,,,,,,,,,,,,,,,,,,,,
77,Bandarban,Thanchi,77,Bangladesh,Chattogram,Khagrachhari,Mahalchhari,Mahalchhari,09,,,,Haza Chhara,হাজা ছড়া,MAH906,22.916252,92.012650,175,,,,,,,,,,,,,,,,,,,,
78,Bandarban,Thanchi,78,Bangladesh,Chattogram,Khagrachhari,Mahalchhari,Mahalchhari,09,,,,Bajechhara,বাজেছড়া,MAH907,22.905393,92.002270,100,,,,,,,,,,,,,,,,,,,,
79,Bandarban,Thanchi,79,Bangladesh,Chattogram,Khagrachhari,Mahalchhari,Mahalchhari,09,,,,Natun Para,নতুন পাড়া,MAH908,22.933708,91.985041,150,,,,,,,,,,,,,,,,,,,,
80,Bandarban,Thanchi,80,Bangladesh,Chattogram,Khagrachhari,Mahalchhari,Mahalchhari,09,,,,Babu Para,বাবু পাড়া,MAH909,22.926584,92.025240,600,,,,,,,,,,,,,,,,,,,,
81,Bandarban,Thanchi,81,Bangladesh,Chattogram,Khagrachhari,Mahalchhari,Mahalchhari,09,,,,Mahalchhari Joutha Khamar,মহালছড়ি যৌথ খামার,MAH910,22.923625,92.001919,325,,,,,,,,,,,,,,,,,,,,
82,Bandarban,Thanchi,82,Bangladesh,Chattogram,Khagrachhari,Mahalchhari,Mahalchhari,09,,,,Mura Para,মুড়া পাড়া,MAH911,22.933793,92.015594,500,,,,,,,,,,,,,,,,,,,,
83,Bandarban,Thanchi,83,Bangladesh,Chattogram,Khagrachhari,Mahalchhari,Mahalchhari,09,,,,Karalyachhari,করল্যাছড়ি,MAH912,22.937090,91.994321,130,,,,,,,,,,,,,,,,,,,,
84,Bandarban,Thanchi,84,Bangladesh,Chattogram,Khagrachhari,Mahalchhari,Mahalchhari,09,,,,Joutha Khamar Tripura Para,যৌথ খামার ত্রিপুরা পাড়া,MAH913,22.940982,92.013504,375,,,,,,,,,,,,,,,,,,,,
85,Bandarban,Thanchi,85,Bangladesh,Chattogram,Khagrachhari,Mahalchhari,Mahalchhari,09,,,,Dumanighat Army Camp,ধুমনীঘাট আর্মি ক্যাম্প,MAH914,22.924915,91.981021,,,,,,,,,,,,,,,,,,,,,
86,Bandarban,Thanchi,86,Bangladesh,Chattogram,Khagrachhari,Mahalchhari,Maischhari,01,,,,Chowdhury Para,চৌধুরী পাড়া,MAI101,23.012043,92.017179,495,,,,,,,,,,,,,,,,,,,,
87,Bandarban,Thanchi,87,Bangladesh,Chattogram,Khagrachhari,Mahalchhari,Maischhari,01,,,,Balipara,বলীপাড়া,MAI102,23.014002,92.024836,325,,,,,,,,,,,,,,,,,,,,
88,Bandarban,Thanchi,88,Bangladesh,Chattogram,Khagrachhari,Mahalchhari,Maischhari,01,,,,Maischhari School Para,মাইসছড়ি স্কুল পাড়া,MAI103,23.021612,92.012939,190,,,,,,,,,,,,,,,,,,,,
89,Bandarban,Thanchi,89,Bangladesh,Chattogram,Khagrachhari,Mahalchhari,Maischhari,01,,,,Maischhari Bazar Elaka,মাইসছড়ি বাজার এলাকা,MAI104,23.013103,92.014978,325,,,,,,,,,,,,,,,,,,,,
90,Bandarban,Thanchi,90,Bangladesh,Chattogram,Khagrachhari,Mahalchhari,Maischhari,01,,,,DP Para,ডিপি পাড়া,MAI105,23.017448,92.004963,180,,,,,,,,,,,,,,,,,,,,
91,Bandarban,Thanchi,91,Bangladesh,Chattogram,Khagrachhari,Mahalchhari,Maischhari,01,,,,Nunchhari APBN Camp,নুনছড়ি এপিবিএন ক্যাম্প,MAI106,23.020206,92.013476,,,,,,,,,,,,,,,,,,,,,
92,Bandarban,Thanchi,92,Bangladesh,Chattogram,Khagrachhari,Mahalchhari,Maischhari,02,,,,Abed Ali Sardar Para,আবেদ আলী সর্দার পাড়া,MAI201,23.018428,92.010977,950,,,,,,,,,,,,,,,,,,,,
93,Bandarban,Thanchi,93,Bangladesh,Chattogram,Khagrachhari,Mahalchhari,Maischhari,02,,,,Giastila,গিয়াসটিলা,MAI202,23.015152,92.012491,450,,,,,,,,,,,,,,,,,,,,
94,Bandarban,Thanchi,94,Bangladesh,Chattogram,Khagrachhari,Mahalchhari,Maischhari,02,,,,Khalil Sardar Para,খলিল সর্দার পাড়া,MAI203,23.013335,92.012071,760,,,,,,,,,,,,,,,,,,,,
95,Bandarban,Thanchi,95,Bangladesh,Chattogram,Khagrachhari,Mahalchhari,Maischhari,02,,,,Ansar Camp,আনসার ক্যাম্প,MAI204,23.014514,92.005648,,,,,,,,,,,,,,,,,,,,,
96,Bandarban,Thanchi,96,Bangladesh,Chattogram,Khagrachhari,Mahalchhari,Maischhari,03,,,,Noa Para,নোয়া পাড়া,MAI301,23.009542,92.011469,320,,,,,,,,,,,,,,,,,,,,
97,Bandarban,Thanchi,97,Bangladesh,Chattogram,Khagrachhari,Mahalchhari,Maischhari,03,,,,Ratnasen Karbari Para,রত্নসেন কারবারি পাড়া,MAI302,23.009637,92.009181,70,,,,,,,,,,,,,,,,,,,,
98,Bandarban,Thanchi,98,Bangladesh,Chattogram,Khagrachhari,Mahalchhari,Maischhari,03,,,,Rabichandra Karbari Para,রবিচন্দ্র কারবারি পাড়া,MAI303,23.008984,92.007096,60,,,,,,,,,,,,,,,,,,,,
99,Bandarban,Thanchi,99,Bangladesh,Chattogram,Khagrachhari,Mahalchhari,Maischhari,03,,,,Manikchhari Joysen Karbari Para,মানিকছড়ি জয়সেন কারবারি পাড়া,MAI304,23.006107,92.000412,190,,,,,,,,,,,,,,,,,,,,
100,Bandarban,Thanchi,100,Bangladesh,Chattogram,Khagrachhari,Mahalchhari,Maischhari,03,,,,Badigula Para,বাদিগুলা পাড়া,MAI305,23.004676,91.989327,99,,,,,,,,,,,,,,,,,,,,
101,Bandarban,Thanchi,101,Bangladesh,Chattogram,Khagrachhari,Mahalchhari,Maischhari,03,,,,Painda Karbari Para,পাইন্দা কারবারি পাড়া,MAI306,22.988180,91.986664,125,,,,,,,,,,,,,,,,,,,,
102,Bandarban,Thanchi,102,Bangladesh,Chattogram,Khagrachhari,Mahalchhari,Maischhari,03,,,,Kala Para,কলা পাড়া,MAI307,22.985751,91.978264,35,,,,,,,,,,,,,,,,,,,,
103,Bandarban,Thanchi,103,Bangladesh,Chattogram,Khagrachhari,Mahalchhari,Maischhari,03,,,,Rashidhan Para,রশিধন পাড়া,MAI308,22.980795,91.970887,100,,,,,,,,,,,,,,,,,,,,
104,Bandarban,Thanchi,104,Bangladesh,Chattogram,Khagrachhari,Mahalchhari,Maischhari,03,,,,Maniram Para,মণিরাম পাড়া,MAI309,22.967889,91.977523,65,,,,,,,,,,,,,,,,,,,,
105,Bandarban,Thanchi,105,Bangladesh,Chattogram,Khagrachhari,Mahalchhari,Maischhari,03,,,,Sathi Para,সাথী পাড়া,MAI310,23.008383,91.982225,185,,,,,,,,,,,,,,,,,,,,
106,Bandarban,Thanchi,106,Bangladesh,Chattogram,Khagrachhari,Mahalchhari,Maischhari,03,,,,Haza Chhara,হাজা ছড়া,MAI311,23.010559,91.991568,300,,,,,,,,,,,,,,,,,,,,
107,Bandarban,Thanchi,107,Bangladesh,Chattogram,Khagrachhari,Mahalchhari,Maischhari,03,,,,Lambachhara,লম্বাছড়া,MAI312,23.006601,91.963317,110,,,,,,,,,,,,,,,,,,,,
108,Bandarban,Thanchi,108,Bangladesh,Chattogram,Khagrachhari,Mahalchhari,Maischhari,03,,,,25 Paribar Punarbasan Para,পঁচিশ পরিবার পুনর্বাসন পাড়া,MAI313,23.008952,91.955468,150,,,,,,,,,,,,,,,,,,,,
109,Bandarban,Thanchi,109,Bangladesh,Chattogram,Khagrachhari,Mahalchhari,Maischhari,03,,,,Narendra Karbari Para,নরেন্দ্র কারবারি পাড়া,MAI314,22.998167,91.974305,130,,,,,,,,,,,,,,,,,,,,
110,Bandarban,Thanchi,110,Bangladesh,Chattogram,Khagrachhari,Mahalchhari,Maischhari,03,,,,Joutha Khamar,যৌথ খামার,MAI315,23.014581,92.006616,35,,,,,,,,,,,,,,,,,,,,
111,Bandarban,Thanchi,111,Bangladesh,Chattogram,Khagrachhari,Mahalchhari,Maischhari,04,,,,Apruchai Karbari Para,আপ্রুচাই কারবারি পাড়া,MAI401,23.007348,92.016810,85,,,,,,,,,,,,,,,,,,,,
112,Bandarban,Thanchi,112,Bangladesh,Chattogram,Khagrachhari,Mahalchhari,Maischhari,04,,,,Paishoi Mahajan Para,পাইশৈ মহাজন পাড়া,MAI402,23.006206,92.013869,275,,,,,,,,,,,,,,,,,,,,
113,Bandarban,Thanchi,113,Bangladesh,Chattogram,Khagrachhari,Mahalchhari,Maischhari,04,,,,Sauprue Karbari Para,সাউপ্রু কারবারি পাড়া,MAI403,23.002982,92.013518,100,,,,,,,,,,,,,,,,,,,,
114,Bandarban,Thanchi,114,Bangladesh,Chattogram,Khagrachhari,Mahalchhari,Maischhari,04,,,,Uttar Joysen Para,উত্তর জয়সেন পাড়া,MAI404,22.995551,92.006761,125,,,,,,,,,,,,,,,,,,,,
115,Bandarban,Thanchi,115,Bangladesh,Chattogram,Khagrachhari,Mahalchhari,Maischhari,04,,,,Gangamachhara,গঙ্গামাছড়া,MAI405,22.986269,91.990009,190,,,,,,,,,,,,,,,,,,,,
116,Bandarban,Thanchi,116,Bangladesh,Chattogram,Khagrachhari,Mahalchhari,Maischhari,04,,,,Deppochhari,ডেপ্পোছড়ি,MAI406,22.992755,91.994150,65,,,,,,,,,,,,,,,,,,,,
117,Bandarban,Thanchi,117,Bangladesh,Chattogram,Khagrachhari,Mahalchhari,Maischhari,04,,,,Monghla Para,মংহ্লা পাড়া,MAI407,22.979981,91.990079,155,,,,,,,,,,,,,,,,,,,,
118,Bandarban,Thanchi,118,Bangladesh,Chattogram,Khagrachhari,Mahalchhari,Maischhari,04,,,,Petuk Para,পেতুক পাড়া,MAI408,22.961762,91.997274,40,,,,,,,,,,,,,,,,,,,,
119,Bandarban,Thanchi,119,Bangladesh,Chattogram,Khagrachhari,Mahalchhari,Maischhari,04,,,,Manikchhari Para,মানিকছড়ি পাড়া,MAI409,23.005261,92.007755,150,,,,,,,,,,,,,,,,,,,,
120,Bandarban,Thanchi,120,Bangladesh,Chattogram,Khagrachhari,Mahalchhari,Maischhari,04,,,,Dakkhin Joysen Para,দক্ষিণ জয়সেন পাড়া,MAI410,23.000752,92.000695,110,,,,,,,,,,,,,,,,,,,,
121,Bandarban,Thanchi,121,Bangladesh,Chattogram,Khagrachhari,Mahalchhari,Maischhari,04,,,,Pachai Karbari Para,পচাই কারবারি পাড়া,MAI411,23.007023,92.021126,240,,,,,,,,,,,,,,,,,,,,
122,Bandarban,Thanchi,122,Bangladesh,Chattogram,Khagrachhari,Mahalchhari,Maischhari,04,,,,Chairman Para,চেয়ারম্যান পাড়া,MAI412,23.003741,92.016624,110,,,,,,,,,,,,,,,,,,,,
123,Bandarban,Thanchi,123,Bangladesh,Chattogram,Khagrachhari,Mahalchhari,Maischhari,04,,,,Balaram Master Para,বলরাম মাস্টার পাড়া,MAI413,23.007573,92.019460,160,,,,,,,,,,,,,,,,,,,,
124,Bandarban,Thanchi,124,Bangladesh,Chattogram,Khagrachhari,Mahalchhari,Maischhari,05,,,,Manikchhari Muslim Para,মানিকছড়ি মুসলিম পাড়া,MAI501,22.999315,92.011460,1500,,,,,,,,,,,,,,,,,,,,
125,Bandarban,Thanchi,125,Bangladesh,Chattogram,Khagrachhari,Mahalchhari,Maischhari,05,,,,Pagajyachhari Jantranath Karbari Para,পাগজ্যাছড়ি যন্ত্রনাথ কারবারি পাড়া,MAI502,22.996681,92.025083,270,,,,,,,,,,,,,,,,,,,,
126,Bandarban,Thanchi,126,Bangladesh,Chattogram,Khagrachhari,Mahalchhari,Maischhari,05,,,,Jamtali,জামতলী,MAI503,22.990992,92.014463,210,,,,,,,,,,,,,,,,,,,,
127,Bandarban,Thanchi,127,Bangladesh,Chattogram,Khagrachhari,Mahalchhari,Maischhari,05,,,,Pakijachhari Bhitar Para,পাকিজাছড়ি ভিতর পাড়া,MAI504,22.993030,92.006031,300,,,,,,,,,,,,,,,,,,,,
128,Bandarban,Thanchi,128,Bangladesh,Chattogram,Khagrachhari,Mahalchhari,Maischhari,05,,,,Patha Para,পথা পাড়া,MAI505,22.997250,92.018846,125,,,,,,,,,,,,,,,,,,,,
129,Bandarban,Thanchi,129,Bangladesh,Chattogram,Khagrachhari,Mahalchhari,Maischhari,06,,,,Pakijachhari Guchchhagram,পাকিজাছড়ি গুচ্ছগ্রাম,MAI601,22.995612,92.021628,650,,,,,,,,,,,,,,,,,,,,
130,Bandarban,Thanchi,130,Bangladesh,Chattogram,Khagrachhari,Mahalchhari,Maischhari,06,,,,Pakijachhari Lamba Para,পাকিজাছড়ি লাম্বা পাড়া,MAI602,22.988909,92.020855,345,,,,,,,,,,,,,,,,,,,,
131,Bandarban,Thanchi,131,Bangladesh,Chattogram,Khagrachhari,Mahalchhari,Maischhari,06,,,,Kalopahar,কালোপাহাড়,MAI603,22.987325,92.014416,390,,,,,,,,,,,,,,,,,,,,
132,Bandarban,Thanchi,132,Bangladesh,Chattogram,Khagrachhari,Mahalchhari,Maischhari,06,,,,Pakijachhari APBN Camp,পাকিজাছড়ি এপিবিএন ক্যাম্প,MAI604,22.997963,92.023427,,,,,,,,,,,,,,,,,,,,,
133,Bandarban,Thanchi,133,Bangladesh,Chattogram,Khagrachhari,Mahalchhari,Maischhari,07,,,,Madhya Lemuchhari,মধ্য লেমুছড়ি ,MAI701,22.982410,92.001009,275,,,,,,,,,,,,,,,,,,,,
134,Bandarban,Thanchi,134,Bangladesh,Chattogram,Khagrachhari,Mahalchhari,Maischhari,07,,,,Badanala,বদানালা,MAI702,22.978927,92.012689,475,,,,,,,,,,,,,,,,,,,,
135,Bandarban,Thanchi,135,Bangladesh,Chattogram,Khagrachhari,Mahalchhari,Maischhari,07,,,,Lemuchhari Shantipur,লেমুছড়ি শান্তিপুর,MAI703,22.972424,92.015579,1250,,,,,,,,,,,,,,,,,,,,
136,Bandarban,Thanchi,136,Bangladesh,Chattogram,Khagrachhari,Mahalchhari,Maischhari,08,,,,Lemuchhari Binod Lal Karbari Para,লেমুছড়ি বিনোদ লাল কারবারি পাড়া,MAI801,22.968431,92.021087,410,,,,,,,,,,,,,,,,,,,,
137,Bandarban,Thanchi,137,Bangladesh,Chattogram,Khagrachhari,Mahalchhari,Maischhari,08,,,,Lemuchhari Cutingtila,লেমুছড়ি কাটিংটিলা,MAI802,22.961313,92.021651,350,,,,,,,,,,,,,,,,,,,,
138,Bandarban,Thanchi,138,Bangladesh,Chattogram,Khagrachhari,Mahalchhari,Maischhari,09,,,,Pashchim Kiyangghat,পশ্চিম ক্য়ায়াংঘাট,MAI901,22.983314,92.021788,350,,,,,,,,,,,,,,,,,,,,
139,Bandarban,Thanchi,139,Bangladesh,Chattogram,Khagrachhari,Mahalchhari,Maischhari,09,,,,Golak Para,গোলক পাড়া,MAI902,22.968354,91.987774,340,,,,,,,,,,,,,,,,,,,,
140,Bandarban,Thanchi,140,Bangladesh,Chattogram,Khagrachhari,Mahalchhari,Mubachhari,01,,,,Mahamuni Para,মহামুনি পাড়া,MUB101,22.935670,92.049305,800,,,,,,,,,,,,,,,,,,,,
141,Bandarban,Thanchi,141,Bangladesh,Chattogram,Khagrachhari,Mahalchhari,Mubachhari,01,,,,Kaptai Para,কাপ্তাই পাড়া,MUB102,22.934265,92.043608,550,,,,,,,,,,,,,,,,,,,,
142,Bandarban,Thanchi,142,Bangladesh,Chattogram,Khagrachhari,Mahalchhari,Mubachhari,01,,,,Bridge Para,ব্রিজ পাড়া,MUB103,22.932226,92.037653,200,,,,,,,,,,,,,,,,,,,,
143,Bandarban,Thanchi,143,Bangladesh,Chattogram,Khagrachhari,Mahalchhari,Mubachhari,01,,,,Noa Para,নোয়া পাড়া,MUB104,22.936568,92.052215,175,,,,,,,,,,,,,,,,,,,,
144,Bandarban,Thanchi,144,Bangladesh,Chattogram,Khagrachhari,Mahalchhari,Mubachhari,02,,,,Headman Para,হেডম্যান পাড়া,MUB201,22.938407,92.054733,800,,,,,,,,,,,,,,,,,,,,
145,Bandarban,Thanchi,145,Bangladesh,Chattogram,Khagrachhari,Mahalchhari,Mubachhari,02,,,,Shanti Para,শান্তি পাড়া,MUB202,22.934498,92.052442,100,,,,,,,,,,,,,,,,,,,,
146,Bandarban,Thanchi,146,Bangladesh,Chattogram,Khagrachhari,Mahalchhari,Mubachhari,03,,,,Khayangsa Para,খ্যাংসা পাড়া,MUB301,22.948340,92.056889,575,,,,,,,,,,,,,,,,,,,,
147,Bandarban,Thanchi,147,Bangladesh,Chattogram,Khagrachhari,Mahalchhari,Mubachhari,03,,,,Kulki Para,কুলকি পাড়া,MUB302,22.949428,92.062207,130,,,,,,,,,,,,,,,,,,,,
148,Bandarban,Thanchi,148,Bangladesh,Chattogram,Khagrachhari,Mahalchhari,Mubachhari,03,,,,Machine Para,মেশিন পাড়া,MUB303,22.944787,92.060472,85,,,,,,,,,,,,,,,,,,,,
149,Bandarban,Thanchi,149,Bangladesh,Chattogram,Khagrachhari,Mahalchhari,Mubachhari,03,,,,Adufa Para,আদুফা পাড়া,MUB304,22.954493,92.070712,375,,,,,,,,,,,,,,,,,,,,
150,Bandarban,Thanchi,150,Bangladesh,Chattogram,Khagrachhari,Mahalchhari,Mubachhari,03,,,,Pilot Para,পাইলট পাড়া,MUB305,22.946568,92.059316,50,,,,,,,,,,,,,,,,,,,,
151,Bandarban,Thanchi,151,Bangladesh,Chattogram,Khagrachhari,Mahalchhari,Mubachhari,04,,,,Manatek,মনাটেক,MUB401,22.926235,92.054513,625,,,,,,,,,,,,,,,,,,,,
152,Bandarban,Thanchi,152,Bangladesh,Chattogram,Khagrachhari,Mahalchhari,Mubachhari,05,,,,Karalyachhari,করল্যাছড়ি,MUB501,22.934473,92.069400,800,,,,,,,,,,,,,,,,,,,,
153,Bandarban,Thanchi,153,Bangladesh,Chattogram,Khagrachhari,Mahalchhari,Mubachhari,06,,,,Madhya Adam Para,মধ্য আদম পাড়া,MUB601,22.939229,92.081117,250,,,,,,,,,,,,,,,,,,,,
154,Bandarban,Thanchi,154,Bangladesh,Chattogram,Khagrachhari,Mahalchhari,Mubachhari,06,,,,Dewan Para,দেওয়ান পাড়া,MUB602,22.944384,92.092952,400,,,,,,,,,,,,,,,,,,,,
155,Bandarban,Thanchi,155,Bangladesh,Chattogram,Khagrachhari,Mahalchhari,Mubachhari,06,,,,Shilban Para,শীলবান পাড়া,MUB603,22.961188,92.104277,210,,,,,,,,,,,,,,,,,,,,
156,Bandarban,Thanchi,156,Bangladesh,Chattogram,Khagrachhari,Mahalchhari,Mubachhari,06,,,,Khamar Para,খামার পাড়া,MUB604,22.949444,92.078416,165,,,,,,,,,,,,,,,,,,,,
157,Bandarban,Thanchi,157,Bangladesh,Chattogram,Khagrachhari,Mahalchhari,Mubachhari,07,,,,Khunglyang Para,খুংল্যাং পাড়া,MUB701,22.958272,92.062489,600,,,,,,,,,,,,,,,,,,,,
158,Bandarban,Thanchi,158,Bangladesh,Chattogram,Khagrachhari,Mahalchhari,Mubachhari,07,,,,Bagh Mara,বাঘ মারা,MUB702,22.961760,92.056421,400,,,,,,,,,,,,,,,,,,,,
159,Bandarban,Thanchi,159,Bangladesh,Chattogram,Khagrachhari,Mahalchhari,Mubachhari,07,,,,Uttar Bagh Mara,উত্তর বাঘ মারা,MUB703,22.968082,92.059113,150,,,,,,,,,,,,,,,,,,,,
160,Bandarban,Thanchi,160,Bangladesh,Chattogram,Khagrachhari,Mahalchhari,Mubachhari,07,,,,Dhanpata Para,ধনপাতা পাড়া,MUB704,22.965864,92.049079,250,,,,,,,,,,,,,,,,,,,,
161,Bandarban,Thanchi,161,Bangladesh,Chattogram,Khagrachhari,Mahalchhari,Mubachhari,08,,,,Khularam Para,খুলারাম পাড়া,MUB801,22.965238,92.070215,1300,,,,,,,,,,,,,,,,,,,,
162,Bandarban,Thanchi,162,Bangladesh,Chattogram,Khagrachhari,Mahalchhari,Mubachhari,09,,,,Haza Chhara,হাজা ছড়া,MUB901,22.981912,92.073546,260,,,,,,,,,,,,,,,,,,,,
163,Bandarban,Thanchi,163,Bangladesh,Chattogram,Khagrachhari,Mahalchhari,Mubachhari,09,,,,Kalbanya,কলবন্যা,MUB902,22.986386,92.082787,65,,,,,,,,,,,,,,,,,,,,
164,Bandarban,Thanchi,164,Bangladesh,Chattogram,Khagrachhari,Mahalchhari,Mubachhari,09,,,,Lungdukya Para,লুংদুক্যা পাড়া,MUB903,22.976454,92.086873,130,,,,,,,,,,,,,,,,,,,,
165,Bandarban,Thanchi,165,Bangladesh,Chattogram,Khagrachhari,Mahalchhari,Mubachhari,09,,,,Laba Para,লবা পাড়া,MUB904,22.983639,92.095530,240,,,,,,,,,,,,,,,,,,,,
